{"job":{
"your_estimated_expense_to_do_task":null,
"task_start_date":"2011-07-13",
"duration":"8 Hours",
"company":"COOl Devs Incorperated",
"total_cost_calculated":null,
"created_at":"2011-07-11T06:52:41Z",
"visible_status":0,
"title":"ruby on rails developer",
"task_end_time":"2000-01-01T00:00:00Z",
"task_duration_type":true,
"private_description":"will discuss it later...",
"make_template":null,
"fixed_cost_amount":null,
"your_cost_estimate_per_hour":null,
"vehicle":"no",
"updated_at":"2011-07-11T06:52:41Z",
"jobtype_id":2,
"skills":"RoR, Ruby, MySQL",
"cost_per_time_unit":"20",
"company_description":"The Best Company in the WORLD!",
"total_paid_amount":0.0,
"task_end_date":"2011-07-22",
"staffing_position_category_id":null,
"id":28,
"user_id":24,
"task_start_time":"2000-01-01T00:00:00Z",
"requirement_list":null,
"category_id":2,
"video":null,
"task_location_type_id":1,
"cost_method_id":2,
"action_chosen":null,
"time_unit_id":1,
"task_on_time":"2000-01-01T00:00:00Z",
"hours_per_week":"30",
"description":"We need 5+ years experience developer who has worked with overseas clients.",
"compensation":"$400",
"your_time_estimate":null,
"task_on_date":null,
"status":0,
"staffing_position_type_id":null,
"average_expected_time":"100",
"average_expected_cost":"2100",
"industry_id":null,
"expense_required":100,
"custom_quote_factors":null
"latitude" : "47.2",
"longitude" : "-122.2"},
"job1":{
    "your_estimated_expense_to_do_task":null,
    "task_start_date":"2011-07-13",
    "duration":"5 Years",
    "company":"YOUR NUMBER ONE DEV ENVIRONMENT",
    "total_cost_calculated":null,
    "created_at":"2011-07-11T06:52:41Z",
    "visible_status":0,
    "title":"IOS Developer",
    "task_end_time":"2000-01-01T00:00:00Z",
    "task_duration_type":true,
    "private_description":"will discuss it later...",
    "make_template":null,
    "fixed_cost_amount":null,
    "your_cost_estimate_per_hour":null,
    "vehicle":"no",
    "updated_at":"2011-07-11T06:52:41Z",
    "jobtype_id":2,
    "skills":"RoR, Ruby, MySQL",
    "cost_per_time_unit":"20",
    "company_description":"This company was founded by imaginary.inc",
    "total_paid_amount":0.0,
    "task_end_date":"2011-07-22",
    "staffing_position_category_id":null,
    "id":28,
    "user_id":24,
    "task_start_time":"2000-01-01T00:00:00Z",
    "requirement_list":null,
    "category_id":2,
    "video":null,
    "task_location_type_id":1,
    "cost_method_id":2,
    "action_chosen":null,
    "time_unit_id":1,
    "task_on_time":"2000-01-01T00:00:00Z",
    "hours_per_week":"20",
    "description":"We need 5+ years experience developer who has worked with overseas clients.",
    "compensation":"$200,000",
    "your_time_estimate":null,
    "task_on_date":null,
    "status":0,
    "staffing_position_type_id":null,
    "average_expected_time":"100",
    "average_expected_cost":"2100",
    "industry_id":null,
    "expense_required":100,
    "custom_quote_factors":null,
    "latitude" : "47",
    "longitude" : "-122"},

"job2":{"your_estimated_expense_to_do_task":null,"task_start_date":"2011-07-13","duration":"1 Minute","company":"Chocolate Rain","total_cost_calculated":null,"created_at":"2011-07-11T06:52:41Z","visible_status":0,"title":"ruby on rails developer","task_end_time":"2000-01-01T00:00:00Z","task_duration_type":true,"private_description":"will discuss it later...","make_template":null,"fixed_cost_amount":null,"your_cost_estimate_per_hour":null,"vehicle":"no","updated_at":"2011-07-11T06:52:41Z","jobtype_id":2,"skills":"RoR, Ruby, MySQL","cost_per_time_unit":"20","company_description":"This company makes games about eating chocolate because chocolate tastes so yummy!","total_paid_amount":0.0,"task_end_date":"2011-07-22","staffing_position_category_id":null,"id":28,"user_id":24,"task_start_time":"2000-01-01T00:00:00Z","requirement_list":null,"category_id":2,"video":null,"task_location_type_id":1,"cost_method_id":2,"action_chosen":null,"time_unit_id":1,"task_on_time":"2000-01-01T00:00:00Z","hours_per_week":"40","description":"We need 5+ years experience developer who has worked with overseas clients.","compensation":"$40","your_time_estimate":null,"task_on_date":null,"status":0,"staffing_position_type_id":null,"average_expected_time":"100","average_expected_cost":"2100","industry_id":null,"expense_required":100,"custom_quote_factors":null
"latitude" : "47.1",
"longitude" : "-122.1"}
}